scene,seed,branch,video,partition,threshold,auroc,ap,f1,tpr,fpr,frames,positive_frames,events,detected_events,event_coverage,delay_sum,mean_detected_event_delay_frames
R01,42,S,04,development,4.836281906951478,0.3481298129812981,0.3754646033654244,0.041237113402061855,0.022222222222222223,0.04950495049504951,191,90,1,1,1.0,46,46.0
R01,42,S,06,development,4.836281906951478,0.7181818181818183,0.9688972260587795,0.46048109965635736,0.30454545454545456,0.3076923076923077,233,220,1,1,1.0,0,0.0
R01,42,S,07,development,4.836281906951478,0.3267806267806268,0.7918010819300723,0.0,0.0,0.027777777777777776,231,195,1,0,0.0,0,
R01,42,S,09,development,4.836281906951478,,,0.0,,0.10043668122270742,229,0,0,0,,0,
R01,42,S,11,development,4.836281906951478,,,0.0,,0.04310344827586207,232,0,0,0,,0,
R01,42,S,14,development,4.836281906951478,,,0.0,,0.10434782608695652,230,0,0,0,,0,
R01,43,S,04,development,4.730921391293652,0.3422442244224422,0.36957604632155205,0.021052631578947368,0.011111111111111112,0.039603960396039604,191,90,1,1,1.0,47,47.0
R01,43,S,06,development,4.730921391293652,0.7041958041958042,0.9676016700466967,0.44982698961937717,0.29545454545454547,0.3076923076923077,233,220,1,1,1.0,0,0.0
R01,43,S,07,development,4.730921391293652,0.3274928774928775,0.7890855987974958,0.0,0.0,0.027777777777777776,231,195,1,0,0.0,0,
R01,43,S,09,development,4.730921391293652,,,0.0,,0.09606986899563319,229,0,0,0,,0,
R01,43,S,11,development,4.730921391293652,,,0.0,,0.04310344827586207,232,0,0,0,,0,
R01,43,S,14,development,4.730921391293652,,,0.0,,0.1,230,0,0,0,,0,
R01,44,S,04,development,4.836281906951478,0.34196919691969196,0.3719478624157037,0.021052631578947368,0.011111111111111112,0.039603960396039604,191,90,1,1,1.0,47,47.0
R01,44,S,06,development,4.836281906951478,0.7117132867132867,0.9681907040441863,0.44982698961937717,0.29545454545454547,0.3076923076923077,233,220,1,1,1.0,0,0.0
R01,44,S,07,development,4.836281906951478,0.30954415954415954,0.7739620671157099,0.0,0.0,0.027777777777777776,231,195,1,0,0.0,0,
R01,44,S,09,development,4.836281906951478,,,0.0,,0.09606986899563319,229,0,0,0,,0,
R01,44,S,11,development,4.836281906951478,,,0.0,,0.04310344827586207,232,0,0,0,,0,
R01,44,S,14,development,4.836281906951478,,,0.0,,0.10869565217391304,230,0,0,0,,0,
R02,42,S,01,development,4.328183402653059,,,0.0,,0.00686106346483705,583,0,0,0,,0,
R02,42,S,04,development,4.328183402653059,0.9965148031043403,0.986551601957474,0.03333333333333333,0.017006802721088437,0.0035211267605633804,578,294,1,1,1.0,0,0.0
R02,42,S,05,development,4.328183402653059,0.9928728070175439,0.9775094602840909,0.11692307692307692,0.0625,0.007168458781362007,583,304,1,1,1.0,0,0.0
R02,42,S,09,development,4.328183402653059,0.4683675576244464,0.15813791921319056,0.0,0.0,0.009985734664764621,853,152,2,0,0.0,0,
R02,42,S,10,development,4.328183402653059,0.4671901709401709,0.4765840583936528,0.0,0.0,0.013333333333333334,612,312,1,0,0.0,0,
R02,43,S,01,development,4.360973225476049,,,0.0,,0.00686106346483705,583,0,0,0,,0,
R02,43,S,04,development,4.360973225476049,0.9965207914151576,0.9867498877685211,0.03333333333333333,0.017006802721088437,0.0035211267605633804,578,294,1,1,1.0,0,0.0
R02,43,S,05,development,4.360973225476049,0.992672373137144,0.9778534768677755,0.11692307692307692,0.0625,0.007168458781362007,583,304,1,1,1.0,0,0.0
R02,43,S,09,development,4.360973225476049,0.4688978151512877,0.1571157500218266,0.0,0.0,0.009985734664764621,853,152,2,0,0.0,0,
R02,43,S,10,development,4.360973225476049,0.4688087606837607,0.47787519411759444,0.0,0.0,0.013333333333333334,612,312,1,0,0.0,0,
R02,44,S,01,development,4.360973225476049,,,0.0,,0.00686106346483705,583,0,0,0,,0,
R02,44,S,04,development,4.360973225476049,0.9965148031043403,0.9866383453021982,0.03333333333333333,0.017006802721088437,0.0035211267605633804,578,294,1,1,1.0,0,0.0
R02,44,S,05,development,4.360973225476049,0.9926782682512734,0.9774495315504629,0.11692307692307692,0.0625,0.007168458781362007,583,304,1,1,1.0,0,0.0
R02,44,S,09,development,4.360973225476049,0.4647871461821458,0.1574978318252741,0.0,0.0,0.009985734664764621,853,152,2,0,0.0,0,
R02,44,S,10,development,4.360973225476049,0.47188568376068374,0.4849130907819672,0.0,0.0,0.013333333333333334,612,312,1,0,0.0,0,
R03,42,S,01,development,2.260536856750546,,1.0,0.9253731343283582,0.8611111111111112,,720,720,1,1,1.0,0,0.0
R03,42,S,02,development,2.260536856750546,,1.0,0.13517241379310344,0.07248520710059171,,676,676,1,1,1.0,449,449.0
R03,42,S,06,development,2.260536856750546,0.6236691999119852,0.8908470899170869,0.05183585313174946,0.026607538802660754,0.0,582,451,1,1,1.0,65,65.0
R03,42,S,10,development,2.260536856750546,0.45852708866392256,0.33940244831592614,0.0,0.0,0.008988764044943821,647,202,1,0,0.0,0,
R03,42,S,13,development,2.260536856750546,0.8766832034018427,0.4057970295853928,0.0,0.0,0.0030120481927710845,766,102,1,0,0.0,0,
R03,42,S,15,development,2.260536856750546,0.5032818100358423,0.27704653941618756,0.08,0.041666666666666664,0.0,692,72,1,1,1.0,51,51.0
R03,42,S,16,development,2.260536856750546,,,0.0,,0.01780821917808219,730,0,0,0,,0,
R03,43,S,01,development,2.242599156063879,,1.0,0.9301634472511144,0.8694444444444445,,720,720,1,1,1.0,0,0.0
R03,43,S,02,development,2.242599156063879,,1.0,0.13517241379310344,0.07248520710059171,,676,676,1,1,1.0,449,449.0
R03,43,S,06,development,2.242599156063879,0.622357441478648,0.8907399569601231,0.04338394793926247,0.022172949002217297,0.0,582,451,1,1,1.0,65,65.0
R03,43,S,10,development,2.242599156063879,0.45092891311603067,0.33774343118134753,0.0,0.0,0.011235955056179775,647,202,1,0,0.0,0,
R03,43,S,13,development,2.242599156063879,0.8763805220883535,0.40657767419476265,0.0,0.0,0.0030120481927710845,766,102,1,0,0.0,0,
R03,43,S,15,development,2.242599156063879,0.5061939964157706,0.2875860362432263,0.08,0.041666666666666664,0.0,692,72,1,1,1.0,51,51.0
R03,43,S,16,development,2.242599156063879,,,0.0,,0.019178082191780823,730,0,0,0,,0,
R03,44,S,01,development,2.2206202493451035,,1.0,0.9325426241660489,0.8736111111111111,,720,720,1,1,1.0,0,0.0
R03,44,S,02,development,2.2206202493451035,,1.0,0.15047879616963064,0.08136094674556213,,676,676,1,1,1.0,449,449.0
R03,44,S,06,development,2.2206202493451035,0.6230260151317683,0.8908822876547529,0.05183585313174946,0.026607538802660754,0.0,582,451,1,1,1.0,65,65.0
R03,44,S,10,development,2.2206202493451035,0.44978863054844814,0.3364287244172883,0.0,0.0,0.011235955056179775,647,202,1,0,0.0,0,
R03,44,S,13,development,2.2206202493451035,0.8773180959130641,0.40804704578121,0.0,0.0,0.0030120481927710845,766,102,1,0,0.0,0,
R03,44,S,15,development,2.2206202493451035,0.505611559139785,0.29095005726359713,0.08,0.041666666666666664,0.0,692,72,1,1,1.0,51,51.0
R03,44,S,16,development,2.2206202493451035,,,0.0,,0.019178082191780823,730,0,0,0,,0,
R04,42,S,02,development,12.881332597864054,0.4183628871128871,0.6298196120364652,0.0,0.0,0.0,398,286,1,0,0.0,0,
R04,42,S,05,development,12.881332597864054,0.8809652076318744,0.9314695928739569,0.0,0.0,0.0,465,330,1,0,0.0,0,
R04,42,S,07,development,12.881332597864054,0.6584175670965493,0.32453902481347935,0.0,0.0,0.02506265664160401,550,151,2,0,0.0,0,
R04,42,S,08,development,12.881332597864054,0.7575701510946654,0.5011590259743562,0.0,0.0,0.0,653,230,3,0,0.0,0,
R04,42,S,09,development,12.881332597864054,0.8430863167475728,0.8726323133317184,0.0,0.0,0.0,334,206,1,0,0.0,0,
R04,42,S,10,development,12.881332597864054,0.803956228956229,0.888714070353136,0.0,0.0,0.0,223,135,1,0,0.0,0,
R04,42,S,12,development,12.881332597864054,0.7175614564007421,0.49188238319353217,0.0,0.0,0.0,686,224,3,0,0.0,0,
R04,42,S,19,development,12.881332597864054,0.8543633995441224,0.6883154661502833,0.0,0.0,0.0,277,111,1,0,0.0,0,
R04,43,S,02,development,12.416268934833152,0.4136176323676324,0.6245266273107921,0.0,0.0,0.0,398,286,1,0,0.0,0,
R04,43,S,05,development,12.416268934833152,0.8779012345679013,0.9307079838435444,0.0,0.0,0.0,465,330,1,0,0.0,0,
R04,43,S,07,development,12.416268934833152,0.6567079951534465,0.3231657213328048,0.0,0.0,0.02506265664160401,550,151,2,0,0.0,0,
R04,43,S,08,development,12.416268934833152,0.7541062801932367,0.49598652845650604,0.0,0.0,0.0,653,230,3,0,0.0,0,
R04,43,S,09,development,12.416268934833152,0.8436362257281553,0.8765981364901956,0.0,0.0,0.0,334,206,1,0,0.0,0,
R04,43,S,10,development,12.416268934833152,0.7986952861952862,0.8804534502954917,0.0,0.0,0.0,223,135,1,0,0.0,0,
R04,43,S,12,development,12.416268934833152,0.7228809137291281,0.5000901357391324,0.0,0.0,0.0,686,224,3,0,0.0,0,
R04,43,S,19,development,12.416268934833152,0.8621784435037447,0.7052991509264246,0.0,0.0,0.0,277,111,1,0,0.0,0,
R04,44,S,02,development,13.192508414910481,0.41578733766233766,0.6269754989948702,0.0,0.0,0.0,398,286,1,0,0.0,0,
R04,44,S,05,development,13.192508414910481,0.8891021324354658,0.9365553462022527,0.0,0.0,0.0,465,330,1,0,0.0,0,
R04,44,S,07,development,13.192508414910481,0.6561934637919302,0.32326758135387834,0.0,0.0,0.020050125313283207,550,151,2,0,0.0,0,
R04,44,S,08,development,13.192508414910481,0.7676893822592249,0.5081313594084211,0.0,0.0,0.0,653,230,3,0,0.0,0,
R04,44,S,09,development,13.192508414910481,0.8504057949029127,0.8814158009834143,0.0,0.0,0.0,334,206,1,0,0.0,0,
R04,44,S,10,development,13.192508414910481,0.804335016835017,0.8894868916405279,0.0,0.0,0.0,223,135,1,0,0.0,0,
R04,44,S,12,development,13.192508414910481,0.7172087585034013,0.4925010702563041,0.0,0.0,0.0,686,224,3,0,0.0,0,
R04,44,S,19,development,13.192508414910481,0.862422663627483,0.7071150512608176,0.0,0.0,0.0,277,111,1,0,0.0,0,
