scene,seed,best_epoch,best_normal_validation_loss,epochs_completed,seconds,peak_vram_bytes,trainable_parameters
R01,42,19,0.022857102868147194,20,1448.1532344180014,7658234880,294912
R01,43,18,0.02332507921382785,20,1451.3788321569991,7660041216,294912
R01,44,19,0.023524572176393123,20,1452.7522039569994,7660041216,294912
R02,42,19,0.023609353741630913,20,1312.7297005149994,7660041216,294912
R02,43,17,0.023442496545612812,20,1316.4014225549981,7660041216,294912
R02,44,18,0.023595013259910046,20,1315.7813535410023,7660041216,294912
R03,42,12,0.0055318539452855475,18,850.2940030169993,7660041216,294912
R03,43,18,0.005496803183632437,20,942.0176715949965,7660041216,294912
R03,44,17,0.005519392936548684,20,942.6497994370002,7660041216,294912
R04,42,19,0.029243577388115227,20,1081.8519003469992,7660041216,294912
R04,43,15,0.029170680994866416,20,1079.8150428539957,7660041216,294912
R04,44,17,0.0291194973688107,20,1078.3030266269998,7660041216,294912
