scene,partition,videos,frames
R01,final,9,2339
R01,development,6,1346
R01,validation,5,1125
R01,threshold,5,1144
R01,reference,5,1133
R01,fit,19,4406
R02,development,5,3209
R02,final,7,4497
R02,fit,17,10117
R02,threshold,4,2374
R02,reference,4,2349
R02,validation,5,2916
R03,development,7,4813
R03,final,10,7192
R03,fit,12,8294
R03,threshold,3,2064
R03,reference,3,2118
R03,validation,4,2870
R04,final,11,4568
R04,development,8,3586
R04,fit,14,5388
R04,threshold,3,1149
R04,reference,4,1643
R04,validation,4,1552
