scene,seed,video,gt,frames,confidence_mean,confidence_q10,c_above_s_fraction,p_above_s_fraction,c_changes_sp_fraction
R01,42,01,0,89,0.09720801956057976,0.07411364726813727,0.0,0.9775280898876404,0.0
R01,42,01,1,141,0.10063882902569901,0.07975700395845568,0.0,0.9929078014184397,0.0
R01,42,02,0,129,0.09844037639002153,0.06806763465013788,0.031007751937984496,0.9689922480620154,0.0
R01,42,02,1,127,0.13726718396958193,0.10051222572739205,0.06299212598425197,0.8503937007874016,0.0
R01,42,03,0,214,0.09623416464653418,0.07040124560508068,0.0,0.7990654205607477,0.0
R01,42,03,1,195,0.10296304558295317,0.08423344016252354,0.0,0.9794871794871794,0.0
R01,42,05,0,198,0.12553353132562223,0.08678893598249797,0.21717171717171718,0.898989898989899,0.0
R01,42,05,1,92,0.14946431328592827,0.1214501312934932,0.3804347826086957,0.9891304347826086,0.0
R01,42,08,0,41,0.13052123400839866,0.10604052825514895,0.0,0.3902439024390244,0.0
R01,42,08,1,194,0.12368367924329823,0.08938402380902499,0.010309278350515464,0.4639175257731959,0.005154639175257732
R01,42,10,0,231,0.12284048551770753,0.08427600991308351,0.021645021645021644,0.7359307359307359,0.0
R01,42,12,0,231,0.11813486455037497,0.07173156135016434,0.07792207792207792,0.8831168831168831,0.0
R01,42,13,0,229,0.1490713242273662,0.1117341557593726,0.021834061135371178,0.7336244541484717,0.0
R01,42,15,0,228,0.1718799516804727,0.12378609336216272,0.12280701754385964,0.8157894736842105,0.0
R01,43,01,0,89,0.09256045133385381,0.06793222123860615,0.0,0.9775280898876404,0.0
R01,43,01,1,141,0.09925832085476116,0.07654707712616637,0.0,0.9858156028368794,0.0
R01,43,02,0,129,0.09033269066546487,0.0607863722343937,0.031007751937984496,0.9689922480620154,0.0
R01,43,02,1,127,0.13395000917589017,0.1018032687837259,0.05511811023622047,0.8188976377952756,0.0
R01,43,03,0,214,0.0960376049600222,0.06805729938535628,0.004672897196261682,0.7990654205607477,0.0
R01,43,03,1,195,0.10143111433295032,0.08166115743170832,0.0,0.9794871794871794,0.0
R01,43,05,0,198,0.1229602646326499,0.08091196858244235,0.24242424242424243,0.9141414141414141,0.0
R01,43,05,1,92,0.15088213300885397,0.12169213040575926,0.40217391304347827,0.9782608695652174,0.0
R01,43,08,0,41,0.12655853985642143,0.10127573774838111,0.0,0.4146341463414634,0.0
R01,43,08,1,194,0.12342973952351391,0.08749281087510953,0.015463917525773196,0.4587628865979381,0.005154639175257732
R01,43,10,0,231,0.12264728068191491,0.08473518810335338,0.021645021645021644,0.7229437229437229,0.0
R01,43,12,0,231,0.11588796621239018,0.0663914647428746,0.0735930735930736,0.8701298701298701,0.0
R01,43,13,0,229,0.14799364984167254,0.11249377295398329,0.026200873362445413,0.6855895196506551,0.0
R01,43,15,0,228,0.16893415227095962,0.12202053816234511,0.12719298245614036,0.7894736842105263,0.0
R01,44,01,0,89,0.0942195509118862,0.06986579737299037,0.0,0.9775280898876404,0.0
R01,44,01,1,141,0.0988795430730122,0.07514723083495842,0.0,0.9929078014184397,0.0
R01,44,02,0,129,0.09486524352419802,0.06409111533434611,0.03875968992248062,0.9612403100775194,0.0
R01,44,02,1,127,0.13913475269575123,0.10458439699728744,0.07874015748031496,0.8267716535433071,0.0
R01,44,03,0,214,0.09708164655565125,0.06890130667546468,0.004672897196261682,0.7990654205607477,0.0
R01,44,03,1,195,0.10204592733286655,0.08268336160786917,0.0,0.9794871794871794,0.0
R01,44,05,0,198,0.1261475245636856,0.08434787054411194,0.25757575757575757,0.898989898989899,0.0
R01,44,05,1,92,0.15268865815571767,0.12111929719171781,0.41304347826086957,0.9891304347826086,0.0
R01,44,08,0,41,0.13108337533660958,0.10496709640741705,0.0,0.4146341463414634,0.0
R01,44,08,1,194,0.12491632779319777,0.085325130781495,0.015463917525773196,0.4536082474226804,0.005154639175257732
R01,44,10,0,231,0.12268737239334856,0.08512555836022716,0.017316017316017316,0.7186147186147186,0.0
R01,44,12,0,231,0.11884044921048798,0.06982373408714221,0.08225108225108226,0.8787878787878788,0.0
R01,44,13,0,229,0.1500431095308176,0.11301394293043324,0.026200873362445413,0.7161572052401747,0.0
R01,44,15,0,228,0.17434720863538763,0.12800993151711926,0.12280701754385964,0.7850877192982456,0.0
R02,42,02,0,595,0.8101223148133891,0.6818861562147416,0.4151260504201681,0.7260504201680672,0.10420168067226891
R02,42,03,0,277,0.9130080842402106,0.8825793410964154,0.555956678700361,0.8483754512635379,0.06859205776173286
R02,42,03,1,296,0.21377177885757787,0.07204877467963329,0.0,0.9695945945945946,0.0
R02,42,06,0,298,0.8796619998991081,0.8465872712635184,0.42953020134228187,0.34563758389261745,0.29194630872483224
R02,42,06,1,306,0.1700237437386042,0.053251897014021124,0.0,0.9901960784313726,0.0
R02,42,07,0,422,0.7698980437159868,0.6127288775792558,0.16350710900473933,0.6208530805687204,0.0947867298578199
R02,42,07,1,114,0.6504131277897959,0.5228161242406014,0.4298245614035088,0.9473684210526315,0.02631578947368421
R02,42,08,0,590,0.8372511870986038,0.7713787980676036,0.27627118644067794,0.2796610169491525,0.2
R02,42,08,1,194,0.8316066675411006,0.7945428899144443,0.211340206185567,0.4742268041237113,0.05670103092783505
R02,42,11,0,350,0.762546641597267,0.6663279055385781,0.19142857142857142,0.5314285714285715,0.08285714285714285
R02,42,11,1,240,0.9215337423112349,0.9083738486789319,0.0125,0.025,0.0125
R02,42,15,0,415,0.7599858278737163,0.6004135983389347,0.06506024096385542,0.3566265060240964,0.05060240963855422
R02,42,15,1,400,0.8041409203324008,0.714470422079099,0.03,0.6225,0.0125
R02,43,02,0,595,0.8117755195465618,0.6881739026712197,0.4184873949579832,0.7310924369747899,0.10588235294117647
R02,43,03,0,277,0.9123994968831305,0.8822171726039817,0.5487364620938628,0.851985559566787,0.061371841155234655
R02,43,03,1,296,0.22683232063179962,0.08038311883726848,0.0,0.9662162162162162,0.0
R02,43,06,0,298,0.8811715263089428,0.8463901914511391,0.4395973154362416,0.3691275167785235,0.30201342281879195
R02,43,06,1,306,0.16731139668774705,0.055914684235174233,0.0,0.9967320261437909,0.0
R02,43,07,0,422,0.7719349376633153,0.6192760479003959,0.17535545023696683,0.6232227488151659,0.11137440758293839
R02,43,07,1,114,0.6487697963231772,0.5232881089195986,0.42105263157894735,0.9473684210526315,0.017543859649122806
R02,43,08,0,590,0.8393592997749051,0.7702425853617798,0.288135593220339,0.27627118644067794,0.211864406779661
R02,43,08,1,194,0.8374121691487396,0.7866575634125297,0.21649484536082475,0.4845360824742268,0.05670103092783505
R02,43,11,0,350,0.7709367116517873,0.6898104037466045,0.2,0.49142857142857144,0.10285714285714286
R02,43,11,1,240,0.9218816591807563,0.9079129401302747,0.004166666666666667,0.05,0.0
R02,43,15,0,415,0.7595035060124342,0.5933112896248944,0.06265060240963856,0.3421686746987952,0.05301204819277108
R02,43,15,1,400,0.8096363747049594,0.7203852320428128,0.0325,0.595,0.0125
R02,44,02,0,595,0.8120244698121477,0.6881844367042036,0.4084033613445378,0.7159663865546219,0.0957983193277311
R02,44,03,0,277,0.9118671384560141,0.880698518542909,0.5342960288808665,0.8447653429602888,0.061371841155234655
R02,44,03,1,296,0.23050370379713006,0.08635385370467746,0.0,0.9662162162162162,0.0
R02,44,06,0,298,0.8783052903026365,0.8433508350852117,0.3959731543624161,0.3221476510067114,0.27181208053691275
R02,44,06,1,306,0.17211659819090902,0.05794085298148133,0.0,0.9967320261437909,0.0
R02,44,07,0,422,0.7707432666902124,0.6131785781598171,0.15165876777251186,0.6066350710900474,0.08767772511848342
R02,44,07,1,114,0.6469055687966437,0.5166670654731962,0.42105263157894735,0.9473684210526315,0.02631578947368421
R02,44,08,0,590,0.8386841186791923,0.7714639523047223,0.2677966101694915,0.27288135593220336,0.19491525423728814
R02,44,08,1,194,0.8262439164610232,0.7795000587451686,0.1958762886597938,0.4639175257731959,0.05154639175257732
R02,44,11,0,350,0.761333396037694,0.6635051794336333,0.18,0.5028571428571429,0.07714285714285714
R02,44,11,1,240,0.921619401243418,0.9064597121756847,0.004166666666666667,0.04583333333333333,0.0
R02,44,15,0,415,0.7597032490583796,0.6083906453337828,0.05301204819277108,0.3566265060240964,0.03855421686746988
R02,44,15,1,400,0.8077637872065688,0.7242866853886826,0.0275,0.5975,0.01
R03,42,03,1,674,0.48242793006936263,0.3970107530139355,0.9658753709198813,0.9035608308605341,0.20474777448071216
R03,42,04,1,683,0.517541626802399,0.37836643635970113,0.0629575402635432,0.30600292825768666,0.016105417276720352
R03,42,05,0,515,0.5233321538808359,0.4101798978979027,0.9553398058252427,0.9689320388349515,0.12233009708737864
R03,42,05,1,59,0.4313898365100935,0.2898986133112631,0.9152542372881356,1.0,0.05084745762711865
R03,42,07,0,269,0.5119079348584424,0.45843032533190936,0.929368029739777,0.9591078066914498,0.11895910780669144
R03,42,07,1,417,0.45279951102545746,0.33617142195794825,0.8920863309352518,0.9040767386091128,0.15587529976019185
R03,42,08,0,290,0.5570542589153684,0.5113309314633119,0.9,0.8448275862068966,0.11724137931034483
R03,42,08,1,405,0.5247090698750788,0.37851080495048306,0.5037037037037037,0.8049382716049382,0.13333333333333333
R03,42,09,0,620,0.5463908382298261,0.4490851121528735,0.9193548387096774,0.8919354838709678,0.2403225806451613
R03,42,09,1,92,0.6029678770505726,0.593050603499745,1.0,1.0,0.25
R03,42,11,0,490,0.5194664889530837,0.4130835754384039,0.7653061224489796,0.8714285714285714,0.06326530612244897
R03,42,11,1,216,0.5929773873571426,0.1892670988980168,0.8888888888888888,0.9120370370370371,0.4444444444444444
R03,42,12,0,670,0.5281500731771747,0.4388831414359007,0.7119402985074627,0.8716417910447761,0.1417910447761194
R03,42,12,1,171,0.48213159942789585,0.44114172911380395,1.0,0.9941520467836257,0.10526315789473684
R03,42,14,0,780,0.5212651962433044,0.3921258729548606,0.6653846153846154,0.9051282051282051,0.2153846153846154
R03,42,14,1,128,0.4424690336292263,0.343961453020066,0.7265625,0.953125,0.0078125
R03,42,17,0,713,0.4976152420508088,0.3795557406761267,0.8415147265077139,0.8877980364656382,0.40252454417952316
R03,43,03,1,674,0.4802350310017938,0.39551957432961016,0.9584569732937686,0.8961424332344213,0.21364985163204747
R03,43,04,1,683,0.5158011578950262,0.4025513484338917,0.06734992679355783,0.2972181551976574,0.010248901903367497
R03,43,05,0,515,0.5244321469135084,0.41115520608530814,0.9650485436893204,0.9378640776699029,0.21941747572815534
R03,43,05,1,59,0.42900516451110826,0.2860004776912682,0.8813559322033898,1.0,0.06779661016949153
R03,43,07,0,269,0.5029395575288274,0.45538138880621853,0.9330855018587361,0.9368029739776952,0.137546468401487
R03,43,07,1,417,0.44584912945743027,0.3400320990552436,0.8848920863309353,0.9136690647482014,0.1079136690647482
R03,43,08,0,290,0.5581171593013213,0.5160792071544212,0.906896551724138,0.8344827586206897,0.12758620689655173
R03,43,08,1,405,0.520946626783149,0.37088516995030524,0.47901234567901235,0.7901234567901234,0.11604938271604938
R03,43,09,0,620,0.5440407206812362,0.44039683270173957,0.9112903225806451,0.8870967741935484,0.27580645161290324
R03,43,09,1,92,0.6180534732478273,0.6088301438398297,1.0,1.0,0.20652173913043478
R03,43,11,0,490,0.5131577683908848,0.40735445713788676,0.7755102040816326,0.8571428571428571,0.06326530612244897
R03,43,11,1,216,0.5839390111142527,0.1820253785951732,0.8888888888888888,0.9768518518518519,0.4722222222222222
R03,43,12,0,670,0.5276062625401116,0.43821585045054673,0.6940298507462687,0.8820895522388059,0.11940298507462686
R03,43,12,1,171,0.4966012315513096,0.4405291477912823,1.0,0.9941520467836257,0.1111111111111111
R03,43,14,0,780,0.5198377216185536,0.38267982271017753,0.6512820512820513,0.8846153846153846,0.22179487179487178
R03,43,14,1,128,0.43884528253001887,0.33048314572113063,0.734375,0.9609375,0.015625
R03,43,17,0,713,0.49542078011718826,0.37588690352841486,0.8387096774193549,0.8751753155680224,0.4123422159887798
R03,44,03,1,674,0.4757663068377228,0.3901586793360216,0.956973293768546,0.8931750741839762,0.16172106824925817
R03,44,04,1,683,0.5114015072126147,0.40887860895837735,0.07027818448023426,0.27379209370424595,0.013177159590043924
R03,44,05,0,515,0.5152114077314439,0.40365627942047677,0.970873786407767,0.9436893203883495,0.14563106796116504
R03,44,05,1,59,0.42248802270919494,0.29267147013264666,0.9152542372881356,1.0,0.13559322033898305
R03,44,07,0,269,0.4950824890328824,0.4545144046503333,0.8847583643122676,0.9516728624535316,0.11524163568773234
R03,44,07,1,417,0.4384351069737243,0.3319230814254434,0.8752997601918465,0.9232613908872902,0.026378896882494004
R03,44,08,0,290,0.5518132716434105,0.5095550948853356,0.9103448275862069,0.8344827586206897,0.1413793103448276
R03,44,08,1,405,0.5185048495595407,0.3856552148798633,0.48641975308641977,0.7975308641975308,0.09382716049382717
R03,44,09,0,620,0.5385347064356236,0.4558113579235256,0.9161290322580645,0.885483870967742,0.24516129032258063
R03,44,09,1,92,0.6054258461693439,0.5954171736857066,1.0,1.0,0.08695652173913043
R03,44,11,0,490,0.5128688317120734,0.41421702209820477,0.7571428571428571,0.8367346938775511,0.07551020408163266
R03,44,11,1,216,0.5874348392332609,0.18714708858874463,0.8888888888888888,0.9814814814814815,0.36574074074074076
R03,44,12,0,670,0.5216190503233156,0.4352616524764895,0.7313432835820896,0.891044776119403,0.1208955223880597
R03,44,12,1,171,0.4845462039450601,0.4537975848154978,1.0,0.9941520467836257,0.1111111111111111
R03,44,14,0,780,0.5168934498574868,0.39629534670776506,0.6653846153846154,0.8833333333333333,0.2205128205128205
R03,44,14,1,128,0.43865546443947623,0.3412525751622587,0.671875,0.96875,0.015625
R03,44,17,0,713,0.49499713450821453,0.38069176365169183,0.847124824684432,0.8667601683029453,0.4011220196353436
R04,42,01,0,111,0.15157255076341233,0.0686200644201408,0.0,0.009009009009009009,0.0
R04,42,01,1,300,0.1417553529677409,0.08488646073468427,0.0,0.043333333333333335,0.0
R04,42,03,0,65,0.19963620546513428,0.1166022510598051,0.0,0.676923076923077,0.0
R04,42,03,1,316,0.17886162955254553,0.08427336446834416,0.05379746835443038,0.8291139240506329,0.0
R04,42,04,0,261,0.19861995303347169,0.1237510219035521,0.4061302681992337,0.9272030651340997,0.011494252873563218
R04,42,04,1,118,0.1599290193587242,0.07077761453425425,0.16101694915254236,0.8983050847457628,0.0
R04,42,06,0,92,0.20279344776631655,0.12574987570987986,0.22826086956521738,0.7717391304347826,0.0
R04,42,06,1,413,0.18199832573970307,0.11394357331980777,0.36803874092009686,0.8135593220338984,0.002421307506053269
R04,42,11,0,298,0.16413823005045639,0.0980733725091784,0.28187919463087246,0.8355704697986577,0.013422818791946308
R04,42,11,1,126,0.1478722475815527,0.1008522665094077,0.30158730158730157,1.0,0.0
R04,42,13,0,89,0.18007155768278335,0.12986121014508367,0.07865168539325842,0.8539325842696629,0.0
R04,42,13,1,375,0.09825847459436927,0.05872500840412692,0.296,0.9386666666666666,0.0
R04,42,14,0,65,0.14915112339836387,0.11143593741870265,0.15384615384615385,0.9076923076923077,0.0
R04,42,14,1,320,0.18641532246137812,0.12787450006189405,0.003125,0.203125,0.003125
R04,42,15,0,54,0.19762480683606118,0.13647144095297759,0.037037037037037035,0.8888888888888888,0.0
R04,42,15,1,322,0.16631449534590723,0.09973467819667717,0.32298136645962733,0.7049689440993789,0.021739130434782608
R04,42,16,0,71,0.17911819733208548,0.10536997002028055,0.0,0.014084507042253521,0.0
R04,42,16,1,347,0.1651245905924859,0.09741422835650047,0.0,0.002881844380403458,0.0
R04,42,17,0,455,0.1985636098840722,0.13362698952192906,0.03956043956043956,0.7252747252747253,0.0
R04,42,17,1,127,0.11570411195837725,0.04706878592826196,0.2755905511811024,0.6771653543307087,0.0
R04,42,18,0,102,0.15085150261918207,0.06969222064549653,0.10784313725490197,0.5490196078431373,0.0
R04,42,18,1,141,0.1502676071160808,0.09634524359499842,0.24113475177304963,0.8794326241134752,0.0070921985815602835
R04,43,01,0,111,0.14712527622648194,0.06572639767634099,0.0,0.009009009009009009,0.0
R04,43,01,1,300,0.1401820812236192,0.08480302646438875,0.0,0.043333333333333335,0.0
R04,43,03,0,65,0.1951823552647285,0.1108042640894777,0.0,0.7692307692307693,0.0
R04,43,03,1,316,0.17730015348141628,0.08475049105588811,0.06329113924050633,0.810126582278481,0.0
R04,43,04,0,261,0.19586237914031338,0.12130479467197523,0.40229885057471265,0.9310344827586207,0.007662835249042145
R04,43,04,1,118,0.15281266941360286,0.06224140764000704,0.1271186440677966,0.9067796610169492,0.0
R04,43,06,0,92,0.19922282655058077,0.12464989008722065,0.22826086956521738,0.782608695652174,0.0
R04,43,06,1,413,0.1824318476608984,0.11528753448611224,0.36803874092009686,0.8208232445520581,0.002421307506053269
R04,43,11,0,298,0.16075809622775022,0.08743136055237748,0.2651006711409396,0.8355704697986577,0.006711409395973154
R04,43,11,1,126,0.15372728849341324,0.1045753815696597,0.35714285714285715,1.0,0.0
R04,43,13,0,89,0.17653283677288767,0.11951060191742909,0.07865168539325842,0.8876404494382022,0.0
R04,43,13,1,375,0.09822358659027115,0.06193705807373575,0.304,0.936,0.0
R04,43,14,0,65,0.14748832943280804,0.10706478086415167,0.16923076923076924,0.9384615384615385,0.0
R04,43,14,1,320,0.18498674103339272,0.12636236182456054,0.003125,0.203125,0.003125
R04,43,15,0,54,0.1946598019775019,0.12666452265118586,0.018518518518518517,0.8888888888888888,0.0
R04,43,15,1,322,0.16378664793678685,0.09756459095750404,0.3447204968944099,0.717391304347826,0.015527950310559006
R04,43,16,0,71,0.1824131460890527,0.10538140054367777,0.0,0.014084507042253521,0.0
R04,43,16,1,347,0.16218253808874608,0.09548795239535673,0.0,0.002881844380403458,0.0
R04,43,17,0,455,0.1972421527809799,0.12488856751813053,0.03956043956043956,0.7318681318681318,0.0
R04,43,17,1,127,0.10985170583869555,0.04841418767385537,0.30708661417322836,0.7007874015748031,0.0
R04,43,18,0,102,0.14672693324034014,0.06475219497874289,0.10784313725490197,0.5490196078431373,0.0
R04,43,18,1,141,0.15025694391125397,0.09703659753142616,0.24822695035460993,0.8794326241134752,0.0
R04,44,01,0,111,0.14985129793348362,0.06092367504490491,0.0,0.009009009009009009,0.0
R04,44,01,1,300,0.1430181665509297,0.0863509049192789,0.0,0.056666666666666664,0.0
R04,44,03,0,65,0.20037372798919234,0.11647492060689363,0.0,0.6615384615384615,0.0
R04,44,03,1,316,0.1772975609520391,0.08388817070702276,0.06645569620253164,0.8227848101265823,0.0
R04,44,04,0,261,0.19849834301811858,0.12189325360681585,0.4061302681992337,0.9272030651340997,0.011494252873563218
R04,44,04,1,118,0.15234986861746502,0.06363000758839477,0.07627118644067797,0.923728813559322,0.0
R04,44,06,0,92,0.2040941184421227,0.12314649532262581,0.22826086956521738,0.7391304347826086,0.0
R04,44,06,1,413,0.18303433938862887,0.11200458751710754,0.37530266343825663,0.8135593220338984,0.002421307506053269
R04,44,11,0,298,0.16470001392936867,0.09348485091077922,0.28187919463087246,0.8389261744966443,0.010067114093959731
R04,44,11,1,126,0.1507196116971741,0.09652903632509469,0.3492063492063492,1.0,0.0
R04,44,13,0,89,0.18226734018018245,0.1260898812867422,0.0898876404494382,0.8651685393258427,0.011235955056179775
R04,44,13,1,375,0.09887215496545343,0.06186258309730228,0.31733333333333336,0.9493333333333334,0.0
R04,44,14,0,65,0.14536363736239596,0.10797382975746102,0.16923076923076924,0.9692307692307692,0.0
R04,44,14,1,320,0.18559033441394854,0.12849546603853834,0.0,0.221875,0.0
R04,44,15,0,54,0.20048313091838293,0.13040099565448088,0.037037037037037035,0.8888888888888888,0.0
R04,44,15,1,322,0.1656132237173588,0.09746269329176438,0.34782608695652173,0.6894409937888198,0.046583850931677016
R04,44,16,0,71,0.18194371161259795,0.10524140395464111,0.0,0.014084507042253521,0.0
R04,44,16,1,347,0.16225238559754077,0.09618665196033076,0.0,0.002881844380403458,0.0
R04,44,17,0,455,0.19696673477846416,0.12131850666820748,0.03956043956043956,0.7362637362637363,0.0
R04,44,17,1,127,0.1125828261535682,0.047277898325632256,0.30708661417322836,0.7007874015748031,0.0
R04,44,18,0,102,0.14904687183474108,0.06475410560649043,0.10784313725490197,0.5294117647058824,0.0
R04,44,18,1,141,0.1522249683411363,0.09654741373451013,0.2553191489361702,0.8794326241134752,0.014184397163120567
