scene,seed,branch,partition,threshold,auroc,ap,f1,tpr,fpr,frames,positive_frames,events,detected_events,event_coverage,delay_sum,mean_detected_event_delay_frames
R01,42,S,final,4.730921391293652,0.6075845361950105,0.3469166638155596,0.024691358024691357,0.01335113484646195,0.03207547169811321,2339,749,5,3,0.6,281,93.66666666666667
R01,42,S+C,final,4.730921391293652,0.61120151816678,0.3481981960060649,0.024691358024691357,0.01335113484646195,0.03207547169811321,2339,749,5,3,0.6,281,93.66666666666667
R01,42,S+P,final,5.0875963352323845,0.5981640090351077,0.3582494164252534,0.036076662908680945,0.021361815754339118,0.07672955974842767,2339,749,5,4,0.8,101,25.25
R01,42,S+C+P,final,5.0875963352323845,0.5981900395495882,0.35825633303365123,0.036076662908680945,0.021361815754339118,0.07672955974842767,2339,749,5,4,0.8,101,25.25
R01,42,S+C0,final,4.730921391293652,0.6111864036745009,0.3481972901240703,0.024691358024691357,0.01335113484646195,0.03207547169811321,2339,749,5,3,0.6,281,93.66666666666667
R01,42,S+C0+P,final,5.0875963352323845,0.5981992761837587,0.3582587578772395,0.036076662908680945,0.021361815754339118,0.07672955974842767,2339,749,5,4,0.8,101,25.25
R01,42,C,final,0.6072443724767204,0.7919523725554408,0.610802010981666,0.6150041220115416,0.9959946595460614,0.5855345911949685,2339,749,5,5,1.0,0,0.0
R01,42,P,final,4.836281906951478,0.6072864448195077,0.37162412457097715,0.04540540540540541,0.028037383177570093,0.09748427672955975,2339,749,5,4,0.8,99,24.75
R01,42,S+C_no_conf,final,4.730921391293652,0.844787599398779,0.5972019380624569,0.6035455278001611,1.0,0.6188679245283019,2339,749,5,5,1.0,0,0.0
R01,42,S+alignment,final,4.730921391293652,0.6514266401323359,0.4123834098762763,0.0585480093676815,0.03337783711615487,0.050314465408805034,2339,749,5,4,0.8,282,70.5
R01,42,S+innovation,final,4.954064942607862,0.5520001511449227,0.31422416903306055,0.014336917562724014,0.00801068090787717,0.05157232704402516,2339,749,5,2,0.4,88,44.0
R01,42,S+progress,final,4.836281906951478,0.5823257005147324,0.33732202517142074,0.03903559127439724,0.022696929238985315,0.0660377358490566,2339,749,5,4,0.8,106,26.5
R01,43,S,final,4.730921391293652,0.6075845361950105,0.3469166638155596,0.024691358024691357,0.01335113484646195,0.03207547169811321,2339,749,5,3,0.6,281,93.66666666666667
R01,43,S+C,final,4.730921391293652,0.6112477013376326,0.34820707874828016,0.024691358024691357,0.01335113484646195,0.03207547169811321,2339,749,5,3,0.6,281,93.66666666666667
R01,43,S+P,final,5.241747015059643,0.6040830121503724,0.3605225523792467,0.023474178403755867,0.01335113484646195,0.05849056603773585,2339,749,5,4,0.8,116,29.0
R01,43,S+C+P,final,5.241747015059643,0.6041149205229615,0.3605310969560548,0.023474178403755867,0.01335113484646195,0.05849056603773585,2339,749,5,4,0.8,116,29.0
R01,43,S+C0,final,4.730921391293652,0.6108459077512154,0.3480532512597504,0.024691358024691357,0.01335113484646195,0.03207547169811321,2339,749,5,3,0.6,281,93.66666666666667
R01,43,S+C0+P,final,5.241747015059643,0.6041149205229615,0.3605310969560548,0.023474178403755867,0.01335113484646195,0.05849056603773585,2339,749,5,4,0.8,116,29.0
R01,43,C,final,0.5765318201185037,0.7984348103551068,0.6156188060770867,0.6112929623567921,0.9973297730307076,0.5962264150943396,2339,749,5,5,1.0,0,0.0
R01,43,P,final,4.954064942607862,0.6128657917055025,0.3738183107582069,0.025056947608200455,0.014686248331108143,0.07421383647798742,2339,749,5,3,0.6,113,37.666666666666664
R01,43,S+C_no_conf,final,4.730921391293652,0.8476811849761946,0.6104217747831453,0.6023321270607157,1.0,0.6220125786163522,2339,749,5,5,1.0,0,0.0
R01,43,S+alignment,final,4.730921391293652,0.6476962994684736,0.40723530877642966,0.047337278106508875,0.0267022696929239,0.04779874213836478,2339,749,5,4,0.8,292,73.0
R01,43,S+innovation,final,4.954064942607862,0.5608181978487039,0.3190011097704001,0.014545454545454545,0.00801068090787717,0.0440251572327044,2339,749,5,2,0.4,88,44.0
R01,43,S+progress,final,4.954064942607862,0.5965669110176252,0.34596303823458324,0.030624263839811542,0.017356475300400534,0.05471698113207547,2339,749,5,4,0.8,108,27.0
R01,44,S,final,4.730921391293652,0.6075845361950105,0.3469166638155596,0.024691358024691357,0.01335113484646195,0.03207547169811321,2339,749,5,3,0.6,281,93.66666666666667
R01,44,S+C,final,4.730921391293652,0.6119677389559244,0.3485062414259494,0.024691358024691357,0.01335113484646195,0.03207547169811321,2339,749,5,3,0.6,281,93.66666666666667
R01,44,S+P,final,5.241747015059643,0.6067549185076958,0.36610459751544505,0.0166865315852205,0.009345794392523364,0.05220125786163522,2339,749,5,3,0.6,115,38.333333333333336
R01,44,S+C+P,final,5.241747015059643,0.6067935444324088,0.3661151986716778,0.0166865315852205,0.009345794392523364,0.05220125786163522,2339,749,5,3,0.6,115,38.333333333333336
R01,44,S+C0,final,4.730921391293652,0.6118598382749326,0.3484646683782588,0.024691358024691357,0.01335113484646195,0.03207547169811321,2339,749,5,3,0.6,281,93.66666666666667
R01,44,S+C0+P,final,5.241747015059643,0.6067977429024863,0.3661163308421664,0.0166865315852205,0.009345794392523364,0.05220125786163522,2339,749,5,3,0.6,115,38.333333333333336
R01,44,C,final,0.6019613891133062,0.7938517604185035,0.6133192653894807,0.6126644736842105,0.9946595460614153,0.589937106918239,2339,749,5,5,1.0,0,0.0
R01,44,P,final,4.635611211489327,0.6153571638494932,0.3796831635628068,0.1841841841841842,0.12283044058744993,0.09937106918238994,2339,749,5,5,1.0,26,5.2
R01,44,S+C_no_conf,final,4.730921391293652,0.8437833253562402,0.5955293529483257,0.6023321270607157,1.0,0.6220125786163522,2339,749,5,5,1.0,0,0.0
R01,44,S+alignment,final,4.730921391293652,0.6555675911697778,0.41637850989159464,0.12040133779264214,0.07209612817089453,0.05911949685534591,2339,749,5,4,0.8,205,51.25
R01,44,S+innovation,final,4.954064942607862,0.5516630139976992,0.3142558999188083,0.014833127317676144,0.00801068090787717,0.033962264150943396,2339,749,5,2,0.4,88,44.0
R01,44,S+progress,final,4.836281906951478,0.5799493664508653,0.33547534084188957,0.026221692491060787,0.014686248331108143,0.04968553459119497,2339,749,5,3,0.6,107,35.666666666666664
R02,42,S,final,4.39487477715173,0.7625869938811476,0.5749440024897821,0.012594458438287154,0.0064516129032258064,0.009501187648456057,4497,1550,10,3,0.3,92,30.666666666666668
R02,42,S+C,final,4.39487477715173,0.7579235307639262,0.5731152973100951,0.012594458438287154,0.0064516129032258064,0.009501187648456057,4497,1550,10,3,0.3,92,30.666666666666668
R02,42,S+P,final,5.364275334339834,0.7658685158225423,0.6347877785392231,0.4009638554216867,0.26838709677419353,0.03698676620291822,4497,1550,10,5,0.5,175,35.0
R02,42,S+C+P,final,5.364275334339834,0.7639533916393927,0.6341229070055054,0.4009638554216867,0.26838709677419353,0.03698676620291822,4497,1550,10,5,0.5,175,35.0
R02,42,S+C0,final,4.429966096963001,0.7581138828989569,0.5715655361976978,0.012594458438287154,0.0064516129032258064,0.009501187648456057,4497,1550,10,3,0.3,92,30.666666666666668
R02,42,S+C0+P,final,5.364275334339834,0.7641002878816073,0.6340470407564557,0.4009638554216867,0.26838709677419353,0.03698676620291822,4497,1550,10,5,0.5,175,35.0
R02,42,C,final,2.4590459181638473,0.46303425024902306,0.3492071978350283,0.3135303265940902,0.3251612903225806,0.3939599592806244,4497,1550,10,8,0.8,247,30.875
R02,42,P,final,5.277263957350204,0.7820067427783313,0.6617521166721045,0.41595441595441596,0.28258064516129033,0.04004071937563624,4497,1550,10,5,0.5,73,14.6
R02,42,S+C_no_conf,final,4.928957263081989,0.7495615004871001,0.668618573371878,0.5091249415067852,0.35096774193548386,0.014591109602986088,4497,1550,10,3,0.3,82,27.333333333333332
R02,42,S+alignment,final,4.87179884924204,0.7850935341572074,0.6383900021025546,0.03233830845771144,0.016774193548387096,0.010858500169664066,4497,1550,10,3,0.3,84,28.0
R02,42,S+innovation,final,5.364275334339834,0.7645414144509999,0.6142440346800274,0.37450980392156863,0.24645161290322581,0.03664743807261622,4497,1550,10,5,0.5,184,36.8
R02,42,S+progress,final,4.39487477715173,0.7751212277110676,0.6218601906687937,0.1045045045045045,0.056129032258064517,0.009501187648456057,4497,1550,10,3,0.3,92,30.666666666666668
R02,43,S,final,4.39487477715173,0.7625869938811476,0.5749440024897821,0.012594458438287154,0.0064516129032258064,0.009501187648456057,4497,1550,10,3,0.3,92,30.666666666666668
R02,43,S+C,final,4.39487477715173,0.7577326313254595,0.5729255342405538,0.012594458438287154,0.0064516129032258064,0.009501187648456057,4497,1550,10,3,0.3,92,30.666666666666668
R02,43,S+P,final,5.459585514144159,0.7749922830215528,0.6492762302281331,0.3797216699801193,0.24645161290322581,0.027146250424160162,4497,1550,10,4,0.4,62,15.5
R02,43,S+C+P,final,5.459585514144159,0.7729846645577241,0.6485548527740113,0.3797216699801193,0.24645161290322581,0.027146250424160162,4497,1550,10,4,0.4,62,15.5
R02,43,S+C0,final,4.429966096963001,0.7580796217038651,0.5709436565446752,0.012586532410320957,0.0064516129032258064,0.009840515778758059,4497,1550,10,3,0.3,92,30.666666666666668
R02,43,S+C0+P,final,5.459585514144159,0.7731191917422857,0.6484245769865186,0.3797216699801193,0.24645161290322581,0.027146250424160162,4497,1550,10,4,0.4,62,15.5
R02,43,C,final,2.4488903822669736,0.4647983186838447,0.342027518915439,0.34015653220951236,0.36451612903225805,0.4095690532745165,4497,1550,10,8,0.8,246,30.75
R02,43,P,final,5.054120406035994,0.7876048907035038,0.6722476616722474,0.41057692307692306,0.27548387096774196,0.03495079742110621,4497,1550,10,5,0.5,70,14.0
R02,43,S+C_no_conf,final,4.817731627971765,0.7395750736123121,0.659787357828044,0.5157407407407407,0.35935483870967744,0.017984390906006106,4497,1550,10,3,0.3,81,27.0
R02,43,S+alignment,final,4.928957263081989,0.7911903849732369,0.6463104561964258,0.02866043613707165,0.014838709677419355,0.010858500169664066,4497,1550,10,3,0.3,83,27.666666666666668
R02,43,S+innovation,final,5.459585514144159,0.7703838786299901,0.6267433597517376,0.3505572441742654,0.2232258064516129,0.02646759416355616,4497,1550,10,4,0.4,71,17.75
R02,43,S+progress,final,4.39487477715173,0.7767519730288865,0.6266545476056118,0.09764918625678119,0.052258064516129035,0.009501187648456057,4497,1550,10,3,0.3,92,30.666666666666668
R02,44,S,final,4.39487477715173,0.7625869938811476,0.5749440024897821,0.012594458438287154,0.0064516129032258064,0.009501187648456057,4497,1550,10,3,0.3,92,30.666666666666668
R02,44,S+C,final,4.39487477715173,0.7586840636185515,0.5734733801118959,0.012594458438287154,0.0064516129032258064,0.009501187648456057,4497,1550,10,3,0.3,92,30.666666666666668
R02,44,S+P,final,5.364275334339834,0.7703095548233851,0.63460449848824,0.3832684824902724,0.2541935483870968,0.03800475059382423,4497,1550,10,5,0.5,165,33.0
R02,44,S+C+P,final,5.364275334339834,0.7687544468404173,0.6340526224801493,0.3832684824902724,0.2541935483870968,0.03800475059382423,4497,1550,10,5,0.5,165,33.0
R02,44,S+C0,final,4.429966096963001,0.7589404205479602,0.5729399287877317,0.012578616352201259,0.0064516129032258064,0.01017984390906006,4497,1550,10,3,0.3,92,30.666666666666668
R02,44,S+C0+P,final,5.364275334339834,0.7687641888415775,0.6335070758280306,0.383082158483228,0.2541935483870968,0.03834407872412623,4497,1550,10,5,0.5,165,33.0
R02,44,C,final,2.4547131036441887,0.4615768906597195,0.3465379060618206,0.30149158997143766,0.3064516129032258,0.3820834747200543,4497,1550,10,8,0.8,246,30.75
R02,44,P,final,5.277263957350204,0.7843774423415831,0.6612212138299924,0.38848218643240606,0.2567741935483871,0.03427214116050221,4497,1550,10,5,0.5,96,19.2
R02,44,S+C_no_conf,final,4.87179884924204,0.7481245005856146,0.6635792932975721,0.5044289044289044,0.34903225806451615,0.01832371903630811,4497,1550,10,3,0.3,81,27.0
R02,44,S+alignment,final,4.928957263081989,0.7863996190768086,0.6444273943495489,0.025046963055729492,0.012903225806451613,0.009161859518154056,4497,1550,10,3,0.3,84,28.0
R02,44,S+innovation,final,5.364275334339834,0.7676218571100188,0.614767416730851,0.36031589338598224,0.23548387096774193,0.037665422463522225,4497,1550,10,5,0.5,174,34.8
R02,44,S+progress,final,4.39487477715173,0.7793338222577361,0.6289679588910861,0.10108303249097472,0.05419354838709677,0.009501187648456057,4497,1550,10,3,0.3,92,30.666666666666668
R03,42,S,final,2.242599156063879,0.6521220015985814,0.6353564753209346,0.3252696006995045,0.1961335676625659,0.00644122383252818,7192,2845,11,4,0.36363636363636365,449,112.25
R03,42,S+C,final,2.3048650071903927,0.6822434153526076,0.548743654930644,0.3478943238294533,0.23374340949033393,0.07200368069933287,7192,2845,11,8,0.7272727272727273,528,66.0
R03,42,S+P,final,5.260804285469929,0.6243635693242173,0.5373137195888318,0.18580877931449188,0.1086115992970123,0.0395675178283874,7192,2845,11,8,0.7272727272727273,561,70.125
R03,42,S+C+P,final,5.260804285469929,0.6106042467928309,0.5147095898990881,0.18812463256907702,0.11247803163444639,0.05452035886818495,7192,2845,11,8,0.7272727272727273,561,70.125
R03,42,S+C0,final,2.4584843215395273,0.6717742434331415,0.5438920016976279,0.3016304347826087,0.19507908611599298,0.0644122383252818,7192,2845,11,5,0.45454545454545453,665,133.0
R03,42,S+C0+P,final,5.260804285469929,0.6128741596228415,0.5175821257782325,0.1875,0.11177504393673111,0.05268000920174833,7192,2845,11,8,0.7272727272727273,561,70.125
R03,42,C,final,1.9962339380520946,0.6314519477505647,0.45152095524427316,0.11318518518518518,0.0671353251318102,0.0779848171152519,7192,2845,11,8,0.7272727272727273,587,73.375
R03,42,P,final,5.260804285469929,0.546551709499673,0.47593418585523084,0.15699450213805743,0.09033391915641477,0.0395675178283874,7192,2845,11,8,0.7272727272727273,561,70.125
R03,42,S+C_no_conf,final,3.830058161779204,0.6975476289528402,0.5453125197768904,0.17757278754684347,0.10826010544815466,0.07269381182424661,7192,2845,11,8,0.7272727272727273,577,72.125
R03,42,S+alignment,final,4.1033514967788856,0.6246838920484523,0.552123646183572,0.2167056074766355,0.13040421792618628,0.0478490913273522,7192,2845,11,8,0.7272727272727273,933,116.625
R03,42,S+innovation,final,4.257502176606144,0.6179032627798579,0.5493888227342751,0.1468005018820577,0.08224956063268893,0.02507476420519899,7192,2845,11,8,0.7272727272727273,575,71.875
R03,42,S+progress,final,4.257502176606144,0.6846259242683175,0.5697895001752371,0.1211734693877551,0.06678383128295255,0.023234414538762366,7192,2845,11,6,0.5454545454545454,400,66.66666666666667
R03,43,S,final,2.242599156063879,0.6521220015985814,0.6353564753209346,0.3252696006995045,0.1961335676625659,0.00644122383252818,7192,2845,11,4,0.36363636363636365,449,112.25
R03,43,S+C,final,2.2927235432464474,0.6809803985780146,0.5445394854869706,0.3472113118617439,0.23304042179261863,0.07154359328272372,7192,2845,11,7,0.6363636363636364,957,136.71428571428572
R03,43,S+P,final,5.579258016588463,0.6374241492526813,0.5449495983251337,0.16472034419176398,0.09420035149384885,0.03243616287094548,7192,2845,11,7,0.6363636363636364,536,76.57142857142857
R03,43,S+C+P,final,5.579258016588463,0.6160579807175666,0.5163556238926238,0.16777710478497881,0.09736379613356766,0.041407867494824016,7192,2845,11,7,0.6363636363636364,536,76.57142857142857
R03,43,S+C0,final,2.805603074662205,0.6719159891697524,0.5443755404490151,0.28262076624097726,0.1789103690685413,0.057050839659535314,7192,2845,11,5,0.45454545454545453,972,194.4
R03,43,S+C0+P,final,5.579258016588463,0.6191493396047534,0.5219244718436159,0.16889428918590524,0.0977152899824253,0.03887738670347366,7192,2845,11,7,0.6363636363636364,536,76.57142857142857
R03,43,C,final,2.0655012370279477,0.6298654143232734,0.449221784538388,0.09735576923076923,0.056942003514938486,0.0738440303657695,7192,2845,11,8,0.7272727272727273,1557,194.625
R03,43,P,final,5.579258016588463,0.5638835016614492,0.48348501291691387,0.1389841071985042,0.07838312829525483,0.03243616287094548,7192,2845,11,7,0.6363636363636364,536,76.57142857142857
R03,43,S+C_no_conf,final,3.787498547360408,0.7003039083577022,0.550075678640615,0.1727325245522819,0.10509666080843585,0.07315389924085576,7192,2845,11,8,0.7272727272727273,608,76.0
R03,43,S+alignment,final,3.251980311004046,0.6339826711187604,0.565514065793103,0.270996640537514,0.17012302284710018,0.055900621118012424,7192,2845,11,8,0.7272727272727273,737,92.125
R03,43,S+innovation,final,3.8974994425747367,0.6234734335903436,0.5474926017704091,0.1302149178255373,0.07240773286467486,0.0259949390384173,7192,2845,11,8,0.7272727272727273,580,72.5
R03,43,S+progress,final,4.326495048093095,0.6895546006113745,0.5752737542305675,0.10871662914120296,0.059402460456942,0.0218541522889349,7192,2845,11,6,0.5454545454545454,402,67.0
R03,44,S,final,2.242599156063879,0.6521220015985814,0.6353564753209346,0.3252696006995045,0.1961335676625659,0.00644122383252818,7192,2845,11,4,0.36363636363636365,449,112.25
R03,44,S+C,final,2.8257736843009944,0.6743546141956778,0.541345148031989,0.29157549234135666,0.18734622144112478,0.06395215090867265,7192,2845,11,7,0.6363636363636364,572,81.71428571428571
R03,44,S+P,final,5.712789409212986,0.6523589587469774,0.5480190770478277,0.15537600994406464,0.08787346221441125,0.028295376121463076,7192,2845,11,7,0.6363636363636364,521,74.42857142857143
R03,44,S+C+P,final,5.712789409212986,0.6306371321271604,0.5206352701171139,0.1580079926221949,0.09033391915641477,0.03473659995399126,7192,2845,11,7,0.6363636363636364,521,74.42857142857143
R03,44,S+C0,final,2.9566458874177073,0.669433376875877,0.5443623749171883,0.2760942760942761,0.17293497363796134,0.05221992178513918,7192,2845,11,5,0.45454545454545453,1399,279.8
R03,44,S+C0+P,final,5.712789409212986,0.6349574661716482,0.5252941428038361,0.1569713758079409,0.08963093145869948,0.0342765125373821,7192,2845,11,7,0.6363636363636364,521,74.42857142857143
R03,44,C,final,2.812360883049652,0.6152218587612489,0.4374039340457081,0.08524992333639987,0.04885764499121265,0.06372210720036807,7192,2845,11,7,0.6363636363636364,1214,173.42857142857142
R03,44,P,final,5.712789409212986,0.5783374429893877,0.4883418798029675,0.13039370078740156,0.07275922671353251,0.028295376121463076,7192,2845,11,7,0.6363636363636364,521,74.42857142857143
R03,44,S+C_no_conf,final,5.356114465274254,0.6818537560800876,0.5280812197224353,0.1338133813381338,0.07838312829525483,0.060961582700713134,7192,2845,11,7,0.6363636363636364,857,122.42857142857143
R03,44,S+alignment,final,3.094351366800463,0.6380505635262264,0.5690418113762794,0.35096153846153844,0.23093145869947276,0.05567057740970784,7192,2845,11,8,0.7272727272727273,745,93.125
R03,44,S+innovation,final,4.257502176606144,0.627275421345873,0.5478679316359698,0.146158650843223,0.08224956063268893,0.028295376121463076,7192,2845,11,7,0.6363636363636364,377,53.857142857142854
R03,44,S+progress,final,4.950649357166089,0.6844523201060222,0.5683619881287878,0.09474367293964958,0.05131810193321617,0.020933977455716585,7192,2845,11,6,0.5454545454545454,366,61.0
R04,42,S,final,13.19940133611044,0.6796651428323034,0.7304805344250636,0.0013708019191226869,0.0006884681583476765,0.00661455201443175,4568,2905,13,1,0.07692307692307693,0,0.0
R04,42,S+C,final,13.19940133611044,0.6886216457618121,0.7342270576532036,0.0013708019191226869,0.0006884681583476765,0.00661455201443175,4568,2905,13,1,0.07692307692307693,0,0.0
R04,42,S+P,final,13.19940133611044,0.7018746578100047,0.7488190605666228,0.026351351351351353,0.01342512908777969,0.009621166566446182,4568,2905,13,6,0.46153846153846156,555,92.5
R04,42,S+C+P,final,13.19940133611044,0.7019756717791189,0.7488551106778407,0.026351351351351353,0.01342512908777969,0.009621166566446182,4568,2905,13,6,0.46153846153846156,555,92.5
R04,42,S+C0,final,13.19940133611044,0.6797877878665248,0.7307616809156887,0.0013708019191226869,0.0006884681583476765,0.00661455201443175,4568,2905,13,1,0.07692307692307693,0,0.0
R04,42,S+C0+P,final,13.19940133611044,0.7017902035079585,0.7487948921232696,0.026351351351351353,0.01342512908777969,0.009621166566446182,4568,2905,13,6,0.46153846153846156,555,92.5
R04,42,C,final,1.0908975929215257,0.8263255237253455,0.8787866050165631,0.2453509298140372,0.14079173838209982,0.012026458208057728,4568,2905,13,8,0.6153846153846154,450,56.25
R04,42,P,final,6.306275286948016,0.6905557113774228,0.7781675910233148,0.14097744360902256,0.0774526678141136,0.037282020444978956,4568,2905,13,9,0.6923076923076923,543,60.333333333333336
R04,42,S+C_no_conf,final,13.209203476209726,0.747803101418646,0.7754564516747757,0.0020554984583761563,0.0010327022375215145,0.00661455201443175,4568,2905,13,2,0.15384615384615385,73,36.5
R04,42,S+alignment,final,13.19940133611044,0.6970458588930069,0.7358678991797973,0.0013708019191226869,0.0006884681583476765,0.00661455201443175,4568,2905,13,1,0.07692307692307693,0,0.0
R04,42,S+innovation,final,13.19940133611044,0.7256221518666367,0.7486559783778245,0.0013708019191226869,0.0006884681583476765,0.00661455201443175,4568,2905,13,1,0.07692307692307693,0,0.0
R04,42,S+progress,final,13.19940133611044,0.6641020572281394,0.733713433307576,0.026351351351351353,0.01342512908777969,0.009621166566446182,4568,2905,13,6,0.46153846153846156,555,92.5
R04,43,S,final,13.19940133611044,0.6796651428323034,0.7304805344250636,0.0013708019191226869,0.0006884681583476765,0.00661455201443175,4568,2905,13,1,0.07692307692307693,0,0.0
R04,43,S+C,final,13.19940133611044,0.69209410444803,0.7356456759745253,0.0013708019191226869,0.0006884681583476765,0.00661455201443175,4568,2905,13,1,0.07692307692307693,0,0.0
R04,43,S+P,final,13.19940133611044,0.6943923792412153,0.746376888449041,0.030313236780060628,0.01549053356282272,0.011425135297654841,4568,2905,13,4,0.3076923076923077,386,96.5
R04,43,S+C+P,final,13.19940133611044,0.6944505450717913,0.7463919420356026,0.030313236780060628,0.01549053356282272,0.011425135297654841,4568,2905,13,4,0.3076923076923077,386,96.5
R04,43,S+C0,final,13.19940133611044,0.6820156840746717,0.7317337469649655,0.0013708019191226869,0.0006884681583476765,0.00661455201443175,4568,2905,13,1,0.07692307692307693,0,0.0
R04,43,S+C0+P,final,13.19940133611044,0.6943661942676642,0.7463706921063434,0.030313236780060628,0.01549053356282272,0.011425135297654841,4568,2905,13,4,0.3076923076923077,386,96.5
R04,43,C,final,1.0729329747620693,0.8297121826365681,0.8825850608909824,0.2421875,0.1387263339070568,0.012026458208057728,4568,2905,13,9,0.6923076923076923,501,55.666666666666664
R04,43,P,final,6.306275286948016,0.6791396838966552,0.7726021449692216,0.14343877231443783,0.07882960413080894,0.035478051713770296,4568,2905,13,9,0.6923076923076923,445,49.44444444444444
R04,43,S+C_no_conf,final,13.209203476209726,0.7478327018235298,0.7762717165111176,0.0020554984583761563,0.0010327022375215145,0.00661455201443175,4568,2905,13,2,0.15384615384615385,73,36.5
R04,43,S+alignment,final,13.19940133611044,0.696474757375003,0.735560572747624,0.0013708019191226869,0.0006884681583476765,0.00661455201443175,4568,2905,13,1,0.07692307692307693,0,0.0
R04,43,S+innovation,final,13.19940133611044,0.7264225012756118,0.7488975354647878,0.0013708019191226869,0.0006884681583476765,0.00661455201443175,4568,2905,13,1,0.07692307692307693,0,0.0
R04,43,S+progress,final,13.19940133611044,0.6549381444686054,0.7304822025754609,0.030313236780060628,0.01549053356282272,0.011425135297654841,4568,2905,13,4,0.3076923076923077,386,96.5
R04,44,S,final,13.19940133611044,0.6796651428323034,0.7304805344250636,0.0013708019191226869,0.0006884681583476765,0.00661455201443175,4568,2905,13,1,0.07692307692307693,0,0.0
R04,44,S+C,final,13.19940133611044,0.6902090968461079,0.7348682026471343,0.0013708019191226869,0.0006884681583476765,0.00661455201443175,4568,2905,13,1,0.07692307692307693,0,0.0
R04,44,S+P,final,13.19940133611044,0.6955295108791838,0.7494435098607448,0.035594358629952985,0.018244406196213425,0.012026458208057728,4568,2905,13,5,0.38461538461538464,460,92.0
R04,44,S+C+P,final,13.19940133611044,0.6956868277163288,0.7494964107306845,0.035594358629952985,0.018244406196213425,0.012026458208057728,4568,2905,13,5,0.38461538461538464,460,92.0
R04,44,S+C0,final,13.19940133611044,0.6811934966047508,0.7313488686479579,0.0013708019191226869,0.0006884681583476765,0.00661455201443175,4568,2905,13,1,0.07692307692307693,0,0.0
R04,44,S+C0+P,final,13.19940133611044,0.6955323053230015,0.74945404228833,0.035594358629952985,0.018244406196213425,0.012026458208057728,4568,2905,13,5,0.38461538461538464,460,92.0
R04,44,C,final,1.1130086697626418,0.8294820032643244,0.8808082159334651,0.23248792270531402,0.13253012048192772,0.0132291040288635,4568,2905,13,8,0.6153846153846154,456,57.0
R04,44,P,final,6.306275286948016,0.6848487326162307,0.7767654044481227,0.14807872539831302,0.08158347676419965,0.035478051713770296,4568,2905,13,9,0.6923076923076923,379,42.111111111111114
R04,44,S+C_no_conf,final,13.209203476209726,0.7488472919251958,0.7782443671185436,0.0020554984583761563,0.0010327022375215145,0.00661455201443175,4568,2905,13,2,0.15384615384615385,73,36.5
R04,44,S+alignment,final,13.19940133611044,0.6971488393225854,0.7355664798682501,0.0013708019191226869,0.0006884681583476765,0.00661455201443175,4568,2905,13,1,0.07692307692307693,0,0.0
R04,44,S+innovation,final,13.19940133611044,0.7266209067866691,0.7490741084662097,0.0013708019191226869,0.0006884681583476765,0.00661455201443175,4568,2905,13,1,0.07692307692307693,0,0.0
R04,44,S+progress,final,13.19940133611044,0.6537430539958995,0.7327484779947806,0.035594358629952985,0.018244406196213425,0.012026458208057728,4568,2905,13,5,0.38461538461538464,460,92.0
