seed,branch,auroc,ap,tpr,fpr
42,C,0.6781910235700935,0.5725791922693826,0.382270753345638,0.26737645644972563
42,P,0.6566001521187337,0.5718695045304069,0.1196011538273472,0.05359363359464059
42,S,0.6754896686267607,0.571924419012835,0.05415619589265033,0.013658108798382298
42,S+C,0.6849975275112814,0.5510710514750019,0.06355865634959235,0.03004872301508347
42,S+C+P,0.6686808374402327,0.5639859851540214,0.10391301831268968,0.04446446284649426
42,S+C0,0.680215579468281,0.5486041272337712,0.0538925755060071,0.0281508624215707
42,S+C0+P,0.6692409817990415,0.5646707041337993,0.10373727138826086,0.0440043754298851
42,S+C_no_conf,0.7599249575643413,0.6466473707215002,0.36506513740529,0.1781918494924916
42,S+P,0.6725676879979681,0.5697924937799828,0.10294641022833116,0.040726252586544866
42,S+alignment,0.6895624813077506,0.5846912393355501,0.04531117918726898,0.02890915223006326
42,S+innovation,0.6650167450606043,0.5566282512062969,0.0843500806505349,0.02997727033406803
42,S+progress,0.6765437274305642,0.5656712873307569,0.039758730466945516,0.027098626150680302
43,C,0.6807026814996983,0.572363292605474,0.38937855987124026,0.2729164892356708
43,P,0.6608734669917777,0.5755382825791475,0.11184571293122847,0.04426971212095235
43,S,0.6754896686267607,0.571924419012835,0.05415619589265033,0.013658108798382298
43,S+C,0.6855137089222842,0.5503294436125825,0.06338290942516352,0.029933701160931185
43,S+C+P,0.6719020277175108,0.5679583789145731,0.09316426936151953,0.03461745481359372
43,S+C0,0.6807143006748761,0.5487765488046016,0.04985039624414418,0.026395344787709583
43,S+C0+P,0.6726874115344161,0.5693127094731332,0.09325214282373395,0.03398483461575613
43,S+C_no_conf,0.7588482171924347,0.6491391319407305,0.3663710504389087,0.17994135519441146
43,S+P,0.6777229559164555,0.5752813173453886,0.09237340820158983,0.03237452865762408
43,S+alignment,0.6923360282338684,0.5886551008783956,0.05308811759394778,0.030293103860118256
43,S+innovation,0.6702745028361623,0.5605336516893337,0.07608317209562816,0.025775560612277402
43,S+progress,0.6794529072816229,0.5695933856615558,0.03612688345907357,0.02437436409178032
44,C,0.6750331282759491,0.5695173303576186,0.3706247311094454,0.2622429482168812
44,P,0.6657301954491737,0.5765029154109724,0.13348683440339232,0.04935415954453138
44,S,0.6754896686267607,0.571924419012835,0.05415619589265033,0.013658108798382298
44,S+C,0.6838038784040654,0.5495482430542421,0.051959359337290054,0.028035840567418417
44,S+C+P,0.6754679877790788,0.5675748754999064,0.09302941703306208,0.03424226665437711
44,S+C0,0.6803567830758801,0.5492789601827842,0.048356547386499193,0.025272447351686052
44,S+C0+P,0.6765129258096784,0.5685928979405908,0.09285367010863327,0.03421207683280032
44,S+C_no_conf,0.7556522184867845,0.6413585582717192,0.35711202214932314,0.1769781080919513
44,S+P,0.6812382357393105,0.5745429207280643,0.09241430279756122,0.03263196069624506
44,S+alignment,0.6942916532738496,0.5913535488714182,0.07915482020879165,0.032641621449409894
44,S+innovation,0.6682952998100651,0.5564913391879597,0.08160814516666393,0.02663440368759011
44,S+progress,0.6743696407026307,0.566388441464136,0.03461057621190863,0.023036789475856335
