scene,seed,video,frames,cycle_score_seconds
R01,42,01,230,0.12295366000034846
R01,42,02,256,0.13675698199949693
R01,42,03,409,0.22084561299561756
R01,42,05,290,0.1592312389984727
R01,42,08,235,0.1261494810023578
R01,42,10,231,0.1201575140003115
R01,42,12,231,0.12055288499686867
R01,42,13,229,0.11934367999492679
R01,42,15,228,0.12592427100025816
R01,43,01,230,0.12154411200026516
R01,43,02,256,0.13481347299966728
R01,43,03,409,0.2136807439965196
R01,43,05,290,0.15209187700384064
R01,43,08,235,0.12369108499842696
R01,43,10,231,0.1215405879993341
R01,43,12,231,0.12194097699830309
R01,43,13,229,0.12061337000341155
R01,43,15,228,0.12061701600032393
R01,44,01,230,0.12170094400062226
R01,44,02,256,0.13434561699978076
R01,44,03,409,0.2185494099976495
R01,44,05,290,0.16127255700121168
R01,44,08,235,0.1250486290009576
R01,44,10,231,0.12300930799392518
R01,44,12,231,0.12180531199555844
R01,44,13,229,0.12104893400100991
R01,44,15,228,0.12093014099809807
R02,42,02,595,0.3223228659990127
R02,42,03,573,0.307011518998479
R02,42,06,604,0.32043588499800535
R02,42,07,536,0.28251005800120765
R02,42,08,784,0.41383435200259555
R02,42,11,590,0.310855409996293
R02,42,15,815,0.4294195549955475
R02,43,02,595,0.3153142549999757
R02,43,03,573,0.30035288399813
R02,43,06,604,0.3156023669944261
R02,43,07,536,0.28539794999960577
R02,43,08,784,0.42226794099406106
R02,43,11,590,0.3155888499968569
R02,43,15,815,0.4325366010016296
R02,44,02,595,0.31191278700134717
R02,44,03,573,0.3100111849998939
R02,44,06,604,0.32019885900081135
R02,44,07,536,0.2849712709939922
R02,44,08,784,0.4176239450025605
R02,44,11,590,0.3130299609983922
R02,44,15,815,0.4334835599947837
R03,42,03,674,0.3801388270003372
R03,42,04,683,0.36325518500234466
R03,42,05,574,0.3016154639990418
R03,42,07,686,0.35769244100083597
R03,42,08,695,0.3657068120010081
R03,42,09,712,0.3789834900017013
R03,42,11,706,0.3786478550027823
R03,42,12,841,0.44254839200584684
R03,42,14,908,0.4825561679972452
R03,42,17,713,0.37763473099767
R03,43,03,674,0.3600629819993628
R03,43,04,683,0.3696803610000643
R03,43,05,574,0.3068165279983077
R03,43,07,686,0.37226644800102804
R03,43,08,695,0.36733854199701454
R03,43,09,712,0.3743446410007891
R03,43,11,706,0.37340246600069804
R03,43,12,841,0.44805296800041106
R03,43,14,908,0.48341551500197966
R03,43,17,713,0.3821429640011047
R03,44,03,674,0.35977616399759427
R03,44,04,683,0.36645933399995556
R03,44,05,574,0.30180638399906456
R03,44,07,686,0.36436482000135584
R03,44,08,695,0.36930127200321294
R03,44,09,712,0.37822866000351496
R03,44,11,706,0.37320738800190156
R03,44,12,841,0.45167370999843115
R03,44,14,908,0.4838801890000468
R03,44,17,713,0.3743011800033855
R04,42,01,411,0.21506157900148537
R04,42,03,381,0.1990015229966957
R04,42,04,379,0.1996386300015729
R04,42,06,505,0.2670516639991547
R04,42,11,424,0.2231567670023651
R04,42,13,464,0.2455408990063006
R04,42,14,385,0.20542743000260089
R04,42,15,376,0.19757322700024815
R04,42,16,418,0.22146207900368609
R04,42,17,582,0.30811917100072606
R04,42,18,243,0.12727160099893808
R04,43,01,411,0.21935333500005072
R04,43,03,381,0.2009541950028506
R04,43,04,379,0.2019855920007103
R04,43,06,505,0.2701469520034152
R04,43,11,424,0.22578363899810938
R04,43,13,464,0.24575818699668162
R04,43,14,385,0.20304962399677606
R04,43,15,376,0.20649600400065538
R04,43,16,418,0.22396542900241911
R04,43,17,582,0.324984361002862
R04,43,18,243,0.13601806799852056
R04,44,01,411,0.2199271729987231
R04,44,03,381,0.2121585079949
R04,44,04,379,0.20513744599884376
R04,44,06,505,0.26691926900093677
R04,44,11,424,0.22187524200126063
R04,44,13,464,0.24665897199884057
R04,44,14,385,0.20327471200289438
R04,44,15,376,0.1990221099986229
R04,44,16,418,0.22100336800212972
R04,44,17,582,0.3081217770013609
R04,44,18,243,0.12994207799783908
